ts,minuto,rss_kb,fds,ticks_cpu,temp_c,throttled,segmentos,mb_evidencia
2026-10-02T23:37:46+0000,0,114768,113,45384,61.8,NA,32,467
2026-10-02T23:38:46+0000,1,108660,113,53132,58.4,NA,33,483
2026-10-02T23:39:46+0000,2,108660,113,53391,54.5,NA,33,483
2026-10-02T23:40:46+0000,3,108660,113,53649,53.6,NA,33,483
2026-10-02T23:41:46+0000,4,108660,113,53906,53.1,NA,33,483
2026-10-02T23:42:46+0000,5,108660,113,54160,52.6,NA,33,483
2026-10-02T23:43:46+0000,6,108660,113,54418,53.1,NA,33,483
2026-10-02T23:44:46+0000,7,108660,113,54676,51.6,NA,33,483
2026-10-02T23:45:46+0000,8,108660,113,54934,50.6,NA,33,483
2026-10-02T23:46:46+0000,9,108660,113,55193,51.6,NA,33,483
2026-10-02T23:47:46+0000,10,108660,113,55450,50.6,NA,33,483
2026-10-02T23:48:46+0000,11,108660,113,55707,51.1,NA,33,483
2026-10-02T23:49:47+0000,12,108660,113,55961,50.1,NA,33,483
2026-10-02T23:50:47+0000,13,108660,113,56219,50.1,NA,33,483
2026-10-02T23:51:47+0000,14,108660,113,56476,50.1,NA,33,483
2026-10-02T23:52:47+0000,15,108660,113,56733,49.2,NA,33,483
2026-10-02T23:53:47+0000,16,108660,113,56991,49.7,NA,33,483
